Artist:	Hymen Holocaust			
				
Title	Link	Album	Track	Path
Till Death Do Us Part	https://www.youtube.com/watch?v=BVV4mrNjOM8	Donec Mors Nos Separaverit - Album	1	music/Hymen Holocaust/Donec Mors Nos Separaverit - Album/Till Death Do Us Part
Daily Dose of Disappointment	https://www.youtube.com/watch?v=5M1LjrFl3uQ	Donec Mors Nos Separaverit - Album	2	music/Hymen Holocaust/Donec Mors Nos Separaverit - Album/Daily Dose of Disappointment
Mom in the Raw	https://www.youtube.com/watch?v=kjWhGpuH16I	Donec Mors Nos Separaverit - Album	3	music/Hymen Holocaust/Donec Mors Nos Separaverit - Album/Mom in the Raw
Underground Assault	https://www.youtube.com/watch?v=120H8ZztWXw	Donec Mors Nos Separaverit - Album	4	music/Hymen Holocaust/Donec Mors Nos Separaverit - Album/Underground Assault
Discontinuation of Hyperlactation	https://www.youtube.com/watch?v=1IMXvD5kedo	Donec Mors Nos Separaverit - Album	5	music/Hymen Holocaust/Donec Mors Nos Separaverit - Album/Discontinuation of Hyperlactation
Wanking Down Memory Lane	https://www.youtube.com/watch?v=i6V6OSWQv5M	Donec Mors Nos Separaverit - Album	6	music/Hymen Holocaust/Donec Mors Nos Separaverit - Album/Wanking Down Memory Lane
Lost Inhibitions	https://www.youtube.com/watch?v=tpvUF8AOfRA	Donec Mors Nos Separaverit - Album	7	music/Hymen Holocaust/Donec Mors Nos Separaverit - Album/Lost Inhibitions
Jaws of Domination	https://www.youtube.com/watch?v=Rp2kUpWMu5o	Donec Mors Nos Separaverit - Album	8	music/Hymen Holocaust/Donec Mors Nos Separaverit - Album/Jaws of Domination
Home Cooking Homicide	https://www.youtube.com/watch?v=oEc4pXWZrIE	Donec Mors Nos Separaverit - Album	9	music/Hymen Holocaust/Donec Mors Nos Separaverit - Album/Home Cooking Homicide
Rockets from Uranus	https://www.youtube.com/watch?v=GunZ-6KO4iw	Donec Mors Nos Separaverit - Album	10	music/Hymen Holocaust/Donec Mors Nos Separaverit - Album/Rockets from Uranus